Deutsch,English
ich,I
sie,she
das,the
ist,is
du,of
nicht,not
die,die
es,es
und,and
der,the
wir,we
was,was
zu,to
er,is
ein,a
in,in
ja,and
mir,mir
mit,with
wie,How
den,the
mich,mich
auf,on
dass,that
aber,but
eine,one
so,so
hat,hat
hier,here
haben,have
für,for
sind,are
war,war
von,von
wenn,if
dich,you
ihr,her
nein,no
habe,have
an,an
bin,bin
noch,still
nur,only
da,and
dir,dir
sich,itself
einen,a
uns,us
hast,hast
dem,dem
kann,can
gut,gut
auch,also
schon,already
als,as
sein,be
mal,mal
jetzt,now
ihn,him
dann,then
aus,out of
meine,mine
um,one
im,im
wird,becomes
mein,mein
bist,are
doch,but
alles,everything
weiß,white
keine,no
oder,or
nach,after
s,s
nichts,nothing
man,man
muss,must
werden,become
will,will
ihnen,them
geht,goes
wo,wo
etwas,something
oh,oh
mehr,more
bei,at
also,also
bitte,please
immer,always
hab,hab
warum,Why
vor,before
los,los
können,can
wieder,again
sagen,say
machen,make
danke,Thanks
sehr,very
alle,at
denn,because
mann,mann
tun,again
ihm,him
zum,for the
gehen,go
sehen,see
vielleicht,perhaps
einem,one
wer,wer
ihre,her
diese,this
euch,you
einer,one
komm,come on
über,above
gibt,gives
okay,okay
wissen,knowledge
deine,your
müssen,must
soll,should
werde,become
nie,NO
wirklich,really
hey,hey
kein,no
viel,much
weg,away
würde,would
tut,tut
am,am
des,of the
einfach,simply
leben,life
hatte,had
zeit,time
weil,weil
willst,want
kommen,come
dein,your
heute,today
kommt,comes
wollen,want
damit,with it
ganz,quite
wäre,were
wollte,wanted
weißt,know
ok,ok
sicher,secure
gesagt,said
frau,frau
nun,nun
bis,bis
wurde,became
leid,sorrow
na,already
kannst,can
macht,might
dieser,this
zurück,back
lassen,let
hallo,hallo
meinen,mean
gott,good
seine,seine
hätte,would have
zwei,two
könnte,could
genau,Exactly
waren,were
zur,to
lass,lass
klar,clear
morgen,morning
leute,people
vater,father
schön,schön
glaube,believe
mr.,mr.
ab,ab
gerade,straight
tag,tag
gesehen,seen
reden,rode
wohl,probably
liebe,love
sollte,should
sagte,said
unsere,our
jemand,someone
geld,money
durch,through
ob,ob
keinen,none
mutter,mutter
raus,out
gemacht,made
paar,pair
mach,mach
passiert,happened
dachte,thought
besser,better
musst,must
wieso,how come
sir,sir
dieses,this
selbst,himself
gehört,heard
möchte,want
ohne,without
hör,hear
her,her
sag,sag
meiner,mine
anderen,others
helfen,help
nacht,night
finden,find
diesen,this one
gute,good
wirst,will
lange,lange
natürlich,naturally
ach,ach
meinem,my
gar,gar
ins,ins
sei,be
dort,there
weiter,further
geben,give
seit,since
gleich,even
sagt,says
recht,right
ihren,your
richtig,correct
ordnung,order
vom,from the
hören,hear
sieht,sees
davon,of that
dafür,for that
geh,go
diesem,this one
wegen,because of
hause,home
sollten,should
mädchen,girl
hin,hin
sollen,should
abend,abend
haus,haus
denke,think
viele,many
drei,three
deinen,yours
freund,freund
guten,good
unser,our
warte,worth
machst,do
menschen,people
essen,essen
angst,angst
bleiben,remain
zusammen,together
welt,welt
unter,under
habt,have
schnell,fast
andere,Others
tot,until
getan,did
darf,may
erst,first
rein,rein
stimmt,TRUE
nehmen,take
kinder,kinder
eines,one
glauben,believe
bringen,bring
ganze,whole
genug,enough
scheiße,Fuck
brauchen,need
gegen,against
moment,moment
junge,boy
steht,stands
sonst,otherwise
musik,music
arbeit,work
seid,seid
ihrer,of their
fragen,questions
herr,herr
dabei,included
heißt,is called
familie,family
warten,wait
niemand,nobody
sofort,immediately
bevor,before
jahre,years
einmal,once
problem,problem
sohn,sohn
wann,if
brauche,need
fertig,complete
halt,halt
allein,alone
beim,at the
sprechen,speak
beide,both
gefunden,found
hatten,had
sache,matter
hilfe,help
verdammt,damned
ne,it is
jeder,everyone
warst,were
gern,gladly
konnte,could
darüber,about it
halten,hold
siehst,see
verstehe,understand
jahren,years
kam,came
kind,kind
wusste,knew
wahr,TRUE
seinen,his
dazu,in addition
bruder,brother
daran,to it
ihrem,theirs
denken,think
könnten,could
dank,dank
würden,would
lieber,lieber
fall,fall
deiner,yours
sehe,see
egal,doesn&apos;t matter
kennen,know
deinem,yours
vergessen,forget
frage,ask
mache,mache
komme,come
sage,sage
mag,mag
sieh,see
echt,Real
gib,gib
eigentlich,actually
jeden,one
dad,dad
gab,gab
uhr,clock
stadt,city
männer,men
baby,baby
fahren,drive
namen,names
bekommen,receive
kopf,kopf
hi,hi
gehe,go
kleine,little
später,later
glück,happiness
letzte,last
freunde,friends
n,n
all,all
darauf,on it
ende,end
dr.,dr.
bald,bald
töten,kill
dinge,things
meinst,mean
toll,toll
eins,like
minuten,minutes
vielen,many
bereit,ready
weit,far
ahnung,idea
seiner,his
bisschen,a little
tür,type
auto,auto
jungs,guys
eure,your
augen,eyes
polizei,police
stehen,stand
sterben,die
hätten,would have
draußen,outside
kenne,know
fast,fast
runter,down
vorbei,over
treffen,meet
gerne,Gladly
dran,your turn
wurden,became
arbeiten,work
mom,mom
verrückt,crazy
neue,new
ging,went
hinter,behind
sorgen,care for
einzige,only
jemanden,someone
darum,therefore
tochter,daughter
braucht,needs
idee,idea
schwester,sister
drin,inside
ruhig,quiet
sah,sah
ganzen,entire
spät,late
ziemlich,quite
solltest,should
name,name
sogar,even
kurz,kurz
kerl,Guy
frauen,women
liegt,lies
suchen,seek
finde,find
je,is
woher,from where
lang,lang
job,job
keiner,none
seinem,his
hört,heard
verstehen,understand
spielen,spielen
s.,s.
überhaupt,at all
teufel,devil
verstanden,understood
verloren,lost
große,size
hand,hand
grund,reason
jahr,year
kommst,come
mama,mama
ruhe,quiet
gewesen,been
tod,tod
stunden,hours
hoffe,hope
denkst,think
oben,above
gestern,yesterday
versuchen,attempt
art,art
letzten,last
schatz,schatz
endlich,finally
he,he
nimm,take
etwa,approximately
erzählt,told
läuft,running
schwer,difficult
anders,anders
miss,miss
musste,had to
fünf,five
wasser,water
lässt,leaves
erste,first
versucht,tried
gekommen,came
geschichte,story
wenig,few
holen,fetch
bedeutet,means
nett,nett
wahrheit,truth
woche,week
bringt,brings
deshalb,for this reason
welche,which
bestimmt,certainly
hoch,hoch
alter,alter
sagst,say
schau,look
ah,ah
land,land
zimmer,zimmer
wagen,dare
vier,four
gefallen,fallen
spaß,fun
niemals,never
schuld,debt
getötet,killed
wollten,wanted to
verlassen,leave
zeigen,show
beste,other
ernst,ernst
unserer,ours
denen,those
ort,ort
bleibt,remains
würdest,would
manchmal,sometimes
glaubst,believe
seite,page
lasst,leaves
zwischen,between
eben,eben
während,while
spiel,spiel
nehme,take
ersten,first
guter,goods
chance,chance
freundin,girlfriend
krieg,krieg
gefällt,pleases
kleinen,small
erzählen,tell
anderes,other
tage,take
entschuldigen,excuse
wichtig,important
gehst,go
allen,allen
bett,bett
mrs.,mrs.
sachen,things
the,the
schlecht,bad
schule,school
entschuldigung,excuse
wort,wort
john,john
hättest,would have
wären,would be
typ,typ
schlafen,sleep
äh,uh
tu,tu
euer,euer
captain,captain
gesicht,face
falls,falls
neuen,new
bloß,just
unten,below
teil,part
beiden,both
mensch,mensch
kleiner,kleiner
stellen,place
oft,oft
sorge,arises
gedacht,thought
tust,do
trinken,drink
einige,some
dies,dies
ding,ding
unseren,ours
kriegen,get
blut,blood
ehrlich,ehrlich
eltern,parents
scheint,appears
herz,herz
jack,jack
glücklich,happy
alte,other
alt,alt
bleib,stay
wiedersehen,see you again
frei,frei
wen,wen
drauf,on it
möglich,possible
irgendwie,somehow
reicht,suffices
fest,fest
besten,best
waffe,weapon
kaum,races
irgendwas,anything
klingt,sounds
platz,platz
brauchst,need
rede,network
papa,papa
falsch,incorrect
sondern,rather
alten,old
nummer,number
früher,earlier
jungen,boys
wohin,where
außer,except
früh,early
setzen,set
zuerst,first
wahrscheinlich,probably
dürfen,may
jede,every
arsch,ass
telefon,telephone
tue,tue
kennst,know
willkommen,welcome
plan,plan
großen,huge
retten,the court
hierher,here
wär,would be
bring,bring
fehler,mistake
wollt,wanted
dollar,dollar
zehn,ten
allem,everything
pass,pass
nächste,next
stunde,hour
hände,hands
gegeben,given
menge,crowd
langsam,slow
bereits,already
wartet,waits
sechs,six
lieben,love
meines,mine
büro,office
nächsten,next
gebe,give
wochen,weeks
ruf,ruf
schaffen,create
leider,unfortunately
scheiß,shit
hölle,hell
trotzdem,despite it
doktor,doctor
tja,there
new,new
voll,full
film,film
überall,everywhere
hund,dog
geworden,become
direkt,Immediately
wolltest,wanted
tat,tat
denkt,thinks
schiff,schiff
neues,new
wem,wem
könig,könig
danach,thereafter
funktioniert,functions
hattest,had
lernen,learn
deswegen,because of this
wow,wow
nennen,to name
hm,hm
feuer,feuer
laufen,run
alleine,alone
erinnern,remember
völlig,fully
kleines,small
könnt,can
stelle,Job
kumpel,Dude
verlieren,lose
probleme,problems
spricht,speaks
kaffee,coffee
luft,luft
fand,found
i,i
entschuldige,sorry
ziehen,pull
verschwinden,disappear
könntest,could
seht,look
aufhören,stop
eigenen,own
richtige,right one
unserem,ours
suche,search
zwar,that is
groß,large
hol,hol
buch,buch
krank,sick
fühle,feel
jedes,each
verstehst,understand
wert,wert
arzt,physician
froh,glad
versuche,try
straße,street
rufen,call
heiraten,marry
super,super
sam,sam
lebt,lives
gutes,good
lasse,lasse
onkel,uncle
total,total
gebracht,brought
party,party
erklären,explain
spielt,plays
wahl,wahl
vertrauen,trust
damals,at that time
tagen,meetings
leicht,light
nachdem,after
gegangen,gone
gefühl,feeling
kaufen,kaufen
geschafft,done
typen,the type
interessiert,interested
möchten,want
halte,hold
hält,holds
glaub,believe
irgendwo,somewhere
stück,piece
genauso,just as
kennt,knows
genommen,taken
zukunft,future
weniger,fewer
cool,cool
licht,licht
getroffen,met
himmel,heaven
nachricht,news
drüben,over there
passt,fits
sagten,said
kümmern,take care
laut,sea
vergiss,forget
angerufen,called
sitzen,sit
daß,that
erde,earth
großer,greater
schlüssel,key
rest,rest
passieren,happen
eher,rather
gefragt,asked
gefängnis,jail
opfer,victim
körper,body
solche,such
mist,mist
mr,mr
findet,finds
schreiben,write
böse,evil
gesprochen,spoken
versuch,attempt
vorstellen,introduce
wovon,About what
sobald,as soon as
nochmal,again
herren,herren
sex,sex
waffen,waffen
wohnung,apartment
weh,weh
heißen,be called
krankenhaus,hospital
bringe,bring
höre,listen
millionen,millions
klasse,class
hart,hart
worden,become
sinn,sinn
außerdem,aside from that
verletzt,injured
ändern,change
erfahren,experience
tragen,carry
wenigstens,at least
vorsichtig,cautious
daddy,daddy
stolz,stolz
stark,stark
fällt,falls
möchtest,would like
leuten,people
besonders,particularly
schöne,lovely
schicken,send
person,person
schätze,guess
solange,solange
länger,longer
großartig,great
lacht,laughs
anrufen,call
stand,stand
redest,talk
fühlen,feel
erwartet,expected
boden,boden
boss,boss
stimme,agree
glaubt,believes
still,still
sicherheit,security
setz,put
ma,ma
mund,can
kämpfen,battle
wisst,know
lachen,laugh
hörst,hear
zeug,things
lustig,lustig
umbringen,kill
sollst,you should
hasse,rush
schlimm,terrible
o,o
unglaublich,incredible
wärst,would be
laden,laden
führen,lead
gestorben,died
schauen,look
meinung,opinion
lesen,read
mörder,murderer
frank,frank
ähm,um
geschehen,happen
geschäft,business
idiot,idiot
verzeihung,forgiveness
fliegen,fly
zeig,show
team,team
general,general
mike,mike
aufs,onto
york,york
vorher,previously
schluss,ending
schneller,more quickly
liebt,loves
verdient,earned
mögen,like
meisten,most
denk,think
umgebracht,killed
perfekt,perfect
versprochen,promised
handy,handy
hinten,rear
monate,fun
erinnere,remember
acht,act
arbeitet,is working
fallen,fallen
rufe,cover
nötig,necessary
a,a
mord,murder
heraus,out of here
tages,tages
unmöglich,impossible
liebling,darling
charlie,charlie
tatsächlich,actually
folgen,consequences
bitten,bitten
behalten,keep
nähe,vicinity
arbeite,work
joe,joe
verdammte,damn
plötzlich,suddenly
lebens,life
hole,hole
tisch,tisch
michael,michael
hörte,heard
jemals,ever
liegen,lay
verkaufen,sell
gefährlich,dangerous
anfangen,begin
bekommt,receives
machte,made
ha,ha
hotel,hotel
hilft,helps
werdet,will
meister,meister
kampf,kampf
antwort,answer
konnten,could
geschickt,sent
jedem,each
obwohl,although
sieben,seven
komisch,funny
gewinnen,win
ihres,hers
bezahlt,paid
you,you
voller,full of
unterwegs,on the way
dumm,dumb
ärger,aggravation
bild,bild
george,george
neu,neu
bezahlen,pay
dagegen,against it
seien,be
starb,died
tom,tom
monaten,months
leiche,corpse
niemanden,nobody
auge,eye
arschloch,asshole
verheiratet,married
peter,peter
zieh,pull
nimmt,takes
gerettet,rescued
agent,agent
traum,dream
entscheidung,decision
schlimmer,worse
regeln,regulate
fenster,window
fangen,catch
fort,fort
ständig,constant
findest,find
gefahr,danger
absolut,absolut
mary,mary
augenblick,augenblick
bescheid,notice
rum,rum
gedanken,thoughts
werd,became
ziel,goal
benutzt,used
bewegung,movement
jemandem,someone
wünschte,wished
worte,words
kamen,kamen
welcher,which
zahlen,pay
anfang,beginning
legen,place
erinnerst,remember
anwalt,attorney
fahr,fahr
sitzt,sits
hilf,help
offen,open
schönen,beautiful
monsieur,Sir
müsste,would have to
arme,armed
bier,bier
fürs,for
partner,partner
klein,klein
david,david
klappe,flap
süß,sweet
herum,around
finger,finger
ehe,before
rolle,rolle
ließ,let
gleiche,same
monat,month
hochzeit,wedding
max,max
führt,leads
paris,paris
wach,awake
wozu,for what reason
arm,arm
geschrieben,written
chef,chef
benutzen,use
informationen,information
erledigt,completed
hoffentlich,hopefully
müsst,must
fühlt,feels
tanzen,dance
ansehen,view
darfst,may
zuhause,at home
wunderbar,wonderful
hältst,hold
reise,travel
gewonnen,won
dame,dame
irgendwann,sometime
chffffff,chffffff
alex,alex
steckt,plugged
jedenfalls,anyway
schreit,cries
tolle,tolle
rüber,over
tschüss,bye
nennt,calls
raum,space
heiß,hot
foto,Photo
kalt,called
paul,paul
irgendetwas,anything
weile,while
bisher,until now
minute,minute
unbedingt,absolutely
zug,zug
sekunden,seconds
wofür,for what
erzähl,tell
nen,nen
beweise,proofs
nahm,took
aller,go
freut,happy
seele,soul
schießen,shoot
müde,tired
dauert,lasts
magst,like
harry,harry
brief,brief
gelernt,learned
sucht,seeks
bekannt,known
weitere,more
unfall,accident
dahin,there
kontrolle,control
beispiel,example
lady,lady
dasselbe,the same thing
herzen,hearts
schlagen,hit
wütend,angry
weise,weise
damen,damen
darin,darin
gottes,God
holt,holt
fehlt,missing
vorsicht,caution
heiße,name is
beweisen,prove
gehabt,had
zumindest,at least
vermisst,missing
hübsch,pretty
kriegt,gets
verbindung,connection
tief,deep
richtung,direction
lage,lage
sowieso,anyway
kraft,kraft
normal,normal
lauf,run
ehre,honor
stell,care
geschenk,gift
bar,bar
tasche,bag
gelesen,read
gekauft,bought
wussten,knew
gestohlen,stolen
hunger,hunger
leg,leg
lügen,lie
beziehung,relationship
ben,ben
verschwunden,disappeared
steh,stand
nächstes,next
gearbeitet,worked
preis,preis
witz,joke
meinte,said
liste,list
geist,geist
neben,next to
gesucht,wanted
firma,business
süße,sweetness
rücken,back
schrecklich,terrible
letzter,last
verliebt,in love
öffnen,open
redet,talks
boot,boot
seltsam,strange
versteckt,hidden
fürchte,fear
verschwinde,disappear
erwischt,caught
verkauft,sold
tante,many
erwarten,expect
pferd,horse
wunder,wunder
sauer,sauer
vermutlich,allegedly
näher,closer
major,major
jung,jung
majestät,majesty
aussehen,look
ans,ans
de,of
and,and
links,links
großes,big
welches,which
beschützen,to protect
geboren,born
erreichen,to reach
punkt,point
kindern,children
kirche,church
verraten,betrayed
selber,himself
befehl,command
colonel,colonel
fährt,moves
zieht,pulls
geburtstag,birthday
haut,high
wette,laws
reich,reich
sekunde,seconds
fahre,drive
schwöre,swear
geredet,talked
james,james
madame,madame
eigene,own
zeiten,times
traurig,sad
anruf,call
nachrichten,news
frieden,frieden
karte,map
güte,quality
euren,their
diesmal,this time
schade,injury
persönlich,personal
kriege,get
stirbt,dies
bleibe,stay
verändert,changed
sonne,sonne
lieb,lieb
nämlich,namely
letztes,last
bekam,got
ruft,calls
professor,professor
gericht,focused
nase,nose
ewig,eternal
singen,to sing
bank,bank
beschäftigt,busy
computer,computer
yeah,yeah
toten,kill
weihnachten,Christmas
offensichtlich,apparently
naja,Oh well
henry,henry
gefühle,feelings
fuß,foot
show,show
überraschung,surprise
geheimnis,secret
fbi,fbi
kontakt,contact
gold,gold
drogen,drugs
regierung,government
wein,wein
kriegst,you get
ermordet,murdered
fotos,Photos
entfernt,removed
geschlafen,slept
manche,some
erledigen,complete
ran,ran
gegenüber,opposite
schlaf,sleep
lust,lust
wunderschön,beautiful
witzig,funny
nick,nick
zerstört,destroyed
übrigens,by the way
willen,want
heim,heim
richtigen,right
deines,yours
namens,On behalf of
zeigt,shows
geliebt,loved
gehören,belong
brachte,brought
herrn,Mr
blick,blick
besuch,visit
schlechte,bad
bewegen,move
haare,hair
antworten,answer
präsident,president
sagtest,you said
hoffnung,hope
stecken,put
lebe,live
rechts,right
interessant,interesting
entscheiden,decide
miteinander,each other
meint,means
liebst,love
indem,by
bleibst,stay
kümmere,take care
wohnen,reside
weder,neither
möglichkeit,possibility
kaputt,broken
bekomme,get
flugzeug,airplane
vergangenheit,past
anderer,another
zweite,second
armee,army
jim,jim
tee,tee
entweder,either
weiss,weiss
don,don
detective,detective
aufhalten,stop
stellt,provides
verspreche,promise
überrascht,surprised
sauber,sauber
hau,this
mark,mark
schlag,hit
sheriff,sheriff
untertitel,subtitle
setzt,puts
frag,frag
vaters,father
nervös,nervous
gesellschaft,gesellschaft
verstecken,hide
schuldig,guilty
hals,hals
schützen,protect
besuchen,visit
of,of
passen,to fit
überleben,survive
erhalten,receive
teilen,split
gebäude,building
schicksal,fate
zeichen,sign
richter,richter
besorgt,worried
küche,kitchen
lief,lief
vergnügen,enjoyment
wüsste,knew
volk,volk
lhr,lhr
herausfinden,find out
königin,queen
soldaten,soldiers
feiern,celebrate
situation,situation
lag,lag
gelassen,calmly
allerdings,however
soweit,so far
gefahren,driven
verstand,mind
bord,bord
schönes,beautiful
jimmy,jimmy
billy,billy
angefangen,begun
lee,lee
fühlst,feel
bob,bob
mussten,had to
rat,rat
worauf,what
gebeten,requested
tony,tony
kamera,camera
achtung,danger
lieutenant,lieutenant
ganzes,whole
schuhe,shoes
sarah,sarah
glückwunsch,congratulations
niemandem,no one
gibst,give
statt,instead of
übernehmen,take over
gegend,area
wald,wald
al,al
la,the
nimmst,take
danny,danny
erkennen,recognize
glas,glas
falsche,wrong
verantwortlich,responsible
jesus,jesus
stöhnt,moans
herein,herein
kleid,a dress
zerstören,destroy
jawohl,yes indeed
london,london
gegessen,eaten
abendessen,dinner
gesetz,law
gemeinsam,together
geholfen,helped
erster,first
wohnt,lives
schritt,step
guck,look
nahe,vicinity
aussieht,looks
beginnen,to start
dachten,thought
band,band
ungefähr,approximately
aufgabe,task
neun,neun
furchtbar,terrible
drinnen,inside
zuvor,before
charles,charles
freue,am happy
amerika,America
übrig,left over
spur,spur
falschen,wrong
sergeant,sergeant
melden,report
helfe,help
werfen,throw
bill,bill
haltet,hold
erinnert,remind
hängt,hangs
freude,joy
ehemann,husband
erschossen,shot
verzeihen,pardon
schwein,pig
uh,uh
monster,monster
entschieden,decided
mission,mission
verdammten,damn
brauch,needs
gewusst,known
vorne,in front
stopp,Stop
übel,bad
schlampe,slut
schöner,more beautiful
adresse,address
unsinn,nonsense
messer,messer
gesund,healthy
respekt,respect
pro,pro
leisten,afford
davor,before
richard,richard
bedeuten,mean
ball,ball
mitnehmen,take along
gespielt,played
to,to
schwierigkeiten,difficulties
hälfte,half
kannte,knew
stehe,stand
maria,maria
planeten,planets
schwanger,pregnant
gruppe,group
anna,anna
verhaftet,arrested
deal,deal
seines,his
irgendwelche,any
händen,hands
versteht,understands
drehen,turn
eis,eis
danken,thank you
erfolg,success
zufrieden,satisfied
schließen,close
besorgen,obtain
wochenende,weekend
worüber,about what
stimmen,voices
nehmt,take
martin,martin
m,m
witze,jokes
beine,legs
verbrechen,crime
bericht,message
nachts,at night
eurer,yours
prinzessin,princess
schmerz,pain
klingelt,rings
position,position
echte,real
gleichen,same
fernsehen,TV
wünsche,wishes
schließlich,finally
gefangen,caught
schätzchen,baby
seh,seh
schwierig,difficult
angebot,offer
nah,nah
jane,jane
gewartet,waited
kümmert,takes care
ring,ring
rennen,run
lied,lied
eier,owner
welchen,which
sorry,sorry
fantastisch,fantastic
schaut,looks
hielt,held
falle,cases
drink,drink
insel,island
dauern,last
daher,therefore
zufällig,randomly
dorf,dorf
clark,clark
bewegt,emotional
mitten,mitten
bullen,bullen
feind,enemy
einverstanden,agreed
neuer,neuer
bauen,build
trägt,carries
hängen,hang
freunden,friends
deren,whose
halb,bad
verpasst,lost
sprach,spoke
leise,quiet
armen,armen
wusstest,you knew
fanden,found
unternehmen,company
träume,dreams
schläft,is sleeping
kostet,costs
spiele,games
unseres,ours
entlang,along
johnny,johnny
versprechen,promise
tiere,animals
freiheit,freedom
verdienen,to deserve
aha,aha
unterhalten,entertain
eingeladen,invited
schaden,damage
genannt,called
beenden,finish
ray,ray
geändert,changed
thomas,thomas
lächerlich,ridiculous
geschlagen,beaten
park,park
schätzen,treasure
männern,men
t,t
beginnt,begins
ehren,to honor
größte,largest
energie,energy
fleisch,meat
besonderes,special
besteht,consists
reichen,are sufficient
robert,robert
zeitung,zeitung
worum,what about
nachgedacht,thought about
betrunken,drunk
sowas,like this
patienten,patients
gespräch,conversation
leiden,leiden
taxi,taxi
tötet,kills
see,see
unterschied,difference
wind,wind
singt,sings
schreien,scream
daniel,daniel
sahen,saw
wand,wand
bus,bus
lhre,lhre
angriff,attack
verhalten,behave
loch,loch
interesse,interest
treten,step
quatsch,nonsense
trifft,meets
polizist,police officer
blumen,flowers
neuigkeiten,news
bringst,bring
flasche,bottle
rief,shouted
schuss,shot
fassen,grasp
meer,more
konntest,could
schafft,creates
maschine,machine
spreche,speak
bein,bein
eddie,eddie
bekommst,get
verbringen,spend
bücher,Books
blöd,stupid
frühstück,breakfast
tommy,tommy
meter,meter
bilder,pictures
aufpassen,watch out
claire,claire
dessen,whose
muß,must
freuen,be happy
engel,engel
offenbar,apparently
gelegenheit,opportunity
fang,fang
lüge,lie
ohren,ears
au,au
angetan,impressed
beeil,beeil
brechen,break
brüder,brothers
zeitpunkt,time
keinem,no one
ecke,corner
brücke,bridge
druck,pressure
mitgebracht,brought along
seufzt,sighs
date,date
haufen,heap
oma,own
auftrag,order
leer,file
entkommen,escape
bobby,bobby
weißen,white
lösung,solution
wart,wart
pause,pause
irre,crazy
gestellt,placed
keller,keller
gebrochen,Broken
weinen,cry
nutzen,to use
wünschen,wish
fragt,asks
maul,maul
verantwortung,responsibility
schloss,schloss
hut,hut
lächeln,smile
ryan,ryan
red,red
grad,grad
zweiten,second
hinaus,out
mitkommen,come along
vorhin,earlier
fahrt,drive
gemeint,meant
ernsthaft,seriously
gebaut,built
bombe,bomb
hasst,hates
versteh,understand
kosten,cost
zeige,show
traf,traf
eigenes,own
haar,her
fragte,asked
jason,jason
operation,operation
befehle,commands
schmerzen,pains
erklärt,explained
steve,steve
dach,roof
folge,consequence
gelaufen,ran
schwarze,black
dankbar,thankful
gehirn,brain
töte,kill
mädels,girls
mut,mut
heilige,saint
laura,laura
tier,tier
system,system
mannes,man
wahnsinn,craziness
nee,nee
rose,rose
club,club
geschlossen,closed
hintern,butt
is,is
thema,theme
fiel,fell
gehalten,held
dorthin,there
urlaub,vacation
steig,stepped
vorwärts,forward
überprüfen,check
besseres,better
beweis,proof
baum,baum
gebt,give
funktionieren,function
anscheinend,apparently
lehrer,lehrer
hoffen,hope
bessere,better
isst,eats
nachmittag,afternoon
nem,no
risiko,risk
chuck,chuck
knast,prison
entschuldigt,sorry
gilt,gilt
held,held
daraus,from it
erstes,first
fräulein,young lady
rachel,rachel
prima,prima
brauchte,needed
gewalt,force
dean,dean
liebes,Dear
schaffst,create
nachdenken,ponder
tor,tor
erfahrung,experience
pläne,plans
jagen,to hunt
katze,cat
runde,round
deutsche,deutsche
schwanz,tail
taten,did
lord,lord
dringend,urgent
commander,commander
großvater,grandfather
sommer,sommer
gezeigt,shown
hinterlassen,leave behind
gewissen,conscience
getrunken,drank
wahre,real
luke,luke
kunden,customers
kate,kate
zeugen,witness
geplant,planned
amanda,amanda
erreicht,reached
stören,disturb
stein,stein
atmen,breathe
hose,hose
weiße,white
sprichst,speak
größer,greater
schickt,sends
city,city
prinz,prinz
behandelt,treated
tote,tote
überlegen,superior
karten,cards
it,it
d,d
restaurant,restaurant
welchem,which one
roger,roger
natur,nature
carter,carter
emily,emily
mami,mami
verschwindet,disappears
lautet,is
streit,streit
küssen,kiss
sprich,say
längst,a long time ago
fängt,catches
drüber,over it
gingen,used to go
erlaubt,allowed
einzigen,single
bad,bad
schmeckt,tastes
kugel,kugel
normalerweise,normally
schwarzen,black
rauf,rauf
flug,flight
beruhigen,calm
walter,walter
halbe,half
dan,and
geschieht,happens
einiges,some
entdeckt,discovered
morgens,In the morning
schlechter,worse
vollkommen,completely
gelogen,lied
verfolgt,tracked
college,college
weiteren,further
chris,chris
louis,louis
eh,eh
schwert,sword
hunde,dogs
steigen,climb
verdammter,damned
dürfte,should
riecht,smells
labor,labor
bat,bat
tim,tim
arthur,arthur
mindestens,at least
fisch,fisch
eurem,yours
füße,feet
stehst,stand
erschießen,shoot
kuchen,cake
versuchte,tried
zustand,condition
wunsch,wish
gäste,Guests
erwähnt,mentioned
farbe,color
van,van
einigen,some
zufall,coincidence
garten,garten
junger,younger
autos,autos
abgesehen,apart
fair,fair
vertraut,trusted
koffer,suitcase
hieß,was called
kurs,course
wirkt,works
idioten,idiots
netter,netter
seitdem,since
angegriffen,attacked
geschichten,stories
wahnsinnig,insane
ähnlich,similar
lily,lily
aufgeben,give up
england,england
entführt,kidnapped
ms.,ms.
mistkerl,mistkerl
solchen,such
ner,ner
geschossen,shot
lager,lager
besprechen,discuss
reihe,row
polizisten,police officers
vogel,vogel
legt,lays
strand,strand
amerikaner,American
schwarz,schwarz
fern,fern
fick,got
scherz,hoax
san,san
erzählte,told
wichser,wichser
jake,jake
langweilig,boring
womit,by which
geschäfte,businesses
my,my
kapiert,Got it
nachher,afterward
verlangt,demanded
schlägt,beats
überzeugt,convinced
irgendjemand,anyone
rot,rot
soldat,soldier
vorbereitet,prepared
geschah,happened
reisen,travel
termin,deadline
gang,gang
stehlen,steal
rechte,right
rache,ripped off
bemerkt,noticed
frankreich,France
stört,disturbs
radio,radio
beruhige,calm down
pferde,horses
vertrag,contract
arbeitest,work
dienst,employ
zählt,counts
fragst,you ask
wesen,beings
bürgermeister,mayor
emma,emma
fluss,flow
woran,what
geblieben,remained
durcheinander,mixed up
me,me
ted,ted
nette,cute
test,test
mister,mister
dadurch,through this
direktor,director
wichtiger,more important
kevin,kevin
scott,scott
karriere,career
akte,deed
erinnerung,memory
großmutter,grandmother
erzähle,tell
lösen,solve
bravo,bravo
griff,griff
verfolgen,track
zweifel,doubt
such,such
sprache,language
nerven,annoy
officer,officer
andy,andy
langer,langer
ziehe,pull
entlassen,dismissed
zweimal,twice
abholen,pick up
washington,washington
kollegen,colleagues
doc,doc
fass,barrel
szene,scene
robin,robin
scheinen,seem
bösen,evil
schaffe,create
pflicht,duty
wache,guard
neulich,recently
beeilen,hurry up
knie,knee
alice,alice
lauter,volume up
spannende,exciting
unschuldig,innocent
folgt,follows
schutz,schutz
weshalb,for what reason
geheiratet,got married
woanders,somewhere else
wurdest,became
kuss,kiss
verhindern,impede
erklärung,explanation
video,video
rom,rom
klug,klug
kräfte,forces
verlangen,demand
außerhalb,outside
opa,opa
selbstverständlich,of course
aufstehen,stand up
hassen,to hate
pete,pete
gebrauchen,use
geglaubt,believed
milch,milch
trink,drink
gefeuert,fired
erinnerungen,memories
müssten,would have to
suchst,are looking for
fährst,drive
kochen,cook
schwach,weak
schreibt,writes
schulden,debts
hinein,into it
simon,simon
grenze,border
braut,track
gebraucht,needed
peinlich,awkward
klappt,works
geheimnisse,secrets
joey,joey
aufmerksamkeit,attention
form,form
umsonst,for free
kennenzulernen,to get to know
überlebt,survived
nirgendwo,nowhere
meilen,miles
einfacher,easier
blöde,stupid
mond,mond
ergibt,results
daten,data
merken,to notice
schande,shame
fuck,fuck
fühlte,felt
jenny,jenny
sieg,sieg
satt,sat
blödsinn,nonsense
adam,adam
lisa,lisa
pfund,Pound
handeln,act
lois,lois
enden,the end
warm,warm
raten,guess
übersetzung,translation
kunst,art
kapitän,captain
desto,the more
einsatz,mission
schweigen,be silent
krankheit,illness
toller,more awesome
schatten,shadow
wachen,guard
tatsache,fact
eric,eric
stock,stock
chief,chief
hingehen,go there
verboten,verboten
gäbe,would exist
anzug,men&apos;s suit
leichen,corpses
high,high
beendet,completed
freitag,freitag
million,million
verflucht,cursed
dunkel,dark
geb,geb
enttäuscht,disappointed
klopfen,beat
spuren,sense
dreck,dirt
seiten,pages
mühe,effort
gezogen,pulled
brian,brian
kontrollieren,check
knochen,bone
schick,schick
getrennt,separated
programm,program
grab,grab
ebenso,as well
trage,shoot
nachbarn,neighbors
bieten,offer
bestes,best
elizabeth,elizabeth
fuhr,drove
verlässt,leaves
freundlich,freundlich
dennoch,nonetheless
rauchen,smoke
dick,dick
stuhl,chair
dreh,turn
bester,bester
schicke,send
vergeben,forgive
ausgehen,go out
behandeln,treat
trotz,trotz
gast,gast
ändert,changes
passierte,happened
toilette,toilette
annehmen,assume
herzlichen,warmly
hexe,witch
erwachsen,adult
jerry,jerry
pistole,pistol
saß,sat
dreht,rotates
aussage,expression
liebte,loved
street,street
genießen,enjoy
eifersüchtig,jealous
derjenige,the one
teuer,expensive
leo,leo
zähne,teeth
beobachtet,observed
gentlemen,gentlemen
wählen,choose
helft,half
fliegt,flies
theater,theater
regen,regen
feinde,enemies
william,william
erlauben,allow
zulassen,allow
schnappen,snap
komplett,completely
panik,panic
flughafen,airport
bewusst,consciously
deutschen,German
voraus,in advance
sterbe,die
solltet,should
begleiten,accompany
einander,each other
fred,fred
erlebt,experienced
weiterhin,furthermore
stärker,stronger
fahrer,driver
konzentrieren,focus
streiten,argue
angeht,concerns
selben,the same
star,star
überzeugen,convince
alkohol,alcohol
übersetzt,translated
verrückte,crazy ones
lch,lch
king,king
begann,started
angenommen,assumed
weitermachen,keep going
echter,however
jackson,jackson
post,post
mitgenommen,taken away
botschaft,message
ideen,ideas
fehlen,miss
aufgeregt,upset
selbstmord,Suicide
dumme,stupid
zurückkommen,Come back
irgendein,any
magie,magic
phil,phil
schlage,hit
handelt,acts
treffe,hit
untersuchen,investigate
flucht,escape
verliert,loses
irgendeine,any
gegenteil,opposite
betrifft,regards
scharf,scharf
gehofft,hoped
kennengelernt,met
schlimmste,worst
projekt,Project
trottel,Fool
immerhin,anyway
mehrere,several
erwarte,expect
mochte,want
schwimmen,to swim
zählen,to count
innerhalb,within
matt,matt
blind,blind
schwestern,sisters
code,code
alan,alan
schlau,clever
absicht,intention
barry,barry
spielst,play
zuletzt,last
oliver,oliver
art.,art.
englisch,English
ohr,ohr
verletzen,injure
song,song
schüler,pupils
schien,seemed
gewinnt,wins
älter,older
merkwürdig,unusual
judy,judy
vermisse,miss
größe,size
tritt,occurs
trauen,trust
präsidenten,presidents
trick,trick
harvey,harvey
doug,doug
roten,redden
überlegt,considered
größten,biggest
sonntag,Sunday
zwölf,twelve
vorstellung,performance
schrieb,wrote
reinkommen,come in
killer,killer
unterstützung,support
antun,there
rechnung,invoice
dieselbe,the same
verändern,change
möglicherweise,possibly
definitiv,definitive
locker,locker
ed,ed
vincent,vincent
ums,ums
abends,at evening
frisch,frisch
kohle,money
fing,caught
hure,whore
cousin,cousin
familien,the family
einsam,lonely
lebendig,lively
heiligen,sanctify
knapp,knapp
ebenfalls,also
überprüft,checked
artikel,article
gesetzt,set
jederzeit,at any time
kompliziert,complicated
spüren,sense
signal,signal
amy,amy
stich,stich
kino,bad
probieren,try out
tode,Deaths
wundervoll,wonderful
tanz,dance
geöffnet,open
kerle,guys
begraben,to bury
prozent,percent
stoppen,fuses
hoheit,your highness
riesen,Giants
rote,rote
zugang,access
liest,reads
vorn,front
wichtige,important
aufmachen,open up
kelly,kelly
sexy,sexy
erlaubnis,permission
grace,grace
big,big
story,story
madam,madam
leichter,lighter
halben,half
filme,film
priester,priest
herauszufinden,to find out
packen,pack
dritte,third
inzwischen,in the meantime
larry,larry
presse,presse
sitze,sit
machten,made
geklaut,stolen
helden,heroes
susan,susan
geduld,patience
bühne,stage
reparieren,repair
hä,yes
usa,usa
gerechtigkeit,justice
fälle,cases
selten,rarely
anrufe,Calls
unterschreiben,sign
julia,julia
drücken,press
mrs,mrs
lügner,liar
endet,ends
dave,dave
medizin,medicine
schreibe,write
verhaften,to arrest
prozess,process
samstag,Saturday
amen,amen
motor,motor
marie,marie
abhauen,run away
chaos,chaos
schönheit,beauty
beinahe,nearly
lebst,live
tolles,great
anhalten,stop
fremden,strange
hof,hof
akzeptieren,accept
norden,norden
ärzte,doctors
anziehen,put on 
dingen,stuff
umgehen,evade
bauch,belly
gesamte,entire
hübsche,pretty
ertragen,bear
kiste,box
brennt,burns
teile,to you
deckung,cover
landen,to land
berg,berg
straßen,streets
aufgenommen,recorded
gerufen,called
untersuchung,investigation
alarm,alarm
blieb,stayed
vertraue,trust
extra,extra
entspann,relaxed
beobachten,observe
eindruck,impression
tschüs,bye
babys,Babies
wehtun,hurt
zog,strength
iss,iss
herrgott,jeez
echten,real
springen,to jump
nackt,naked
existiert,exists
befreien,to free
gerät,device
montag,montag
gezwungen,forced
perfekte,perfect
erzählst,tell
bastard,bastard
interessieren,interested
schlechten,bad
hank,hank
steigt,increases
st.,st.
on,on
carl,carl
gekriegt,got
fliehen,flee
trug,wore
freundschaft,Friendship
rate,rate
papiere,papers
abgeschlossen,completed
schnauze,snout
beruf,profession
gebiet,area
jeff,jeff
jedoch,however
beten,pray
verbunden,tied together
sprachen,languages
verräter,traitor
wichtigste,most important
prost,prost
brust,breast
aufgehört,stopped
kleider,dresses
jacke,jacket
bestellt,ordered
herkommen,come here
wild,wild
nenne,name
angesehen,viewed
zuhören,listen
trennen,separate
schlafzimmer,bedroom
vorschlag,suggestion
meins,mine
gift,gift
ton,ton
vermissen,miss
angekommen,arrived
beantworten,answer
deutlich,clearly
träumen,dream
verwirrt,confused
akten,files
riskieren,take risk
b,b
victor,victor
find,find
erkannt,recognized
beerdigung,burial
müll,garbage
weisst,you know
möge,may
stellte,presented
mitte,not
erleben,experience
geburt,birth
decke,ceiling
ch00ffff,ch00ffff
wege,ways
schritte,steps
gibts,there is
gemeldet,reported
hilfst,help
mittagessen,lunch
weint,cries
vernichten,destroy
rock,rock
chicago,chicago
ellen,ellen
crew,crew
roy,roy
türen,doors
gewehr,gun
elena,elena
arbeitete,worked
spiegel,spiegel
hauen,of these
geraten,devices
dritten,third
ross,ross
julie,julie
wetter,wetter
schwul,gay
regel,rule
befindet,located
einheit,unit
german,german
armer,arms
gucken,look
anstatt,instead of
champagner,champagne
gründe,reasons
strafe,strafe
smith,smith
öfter,more often
anne,anne
zelle,cell
langen,long
altes,tall
ruiniert,ruined
jonathan,jonathan
kleidung,clothing
gras,gras
kenn,kenn
agenten,agents
herausgefunden,found out
annie,annie
rechten,right
brot,offense
berlin,berlin
erfreut,pleased
lügt,lies
nehm,take
harte,harte
staaten,states
station,station
gaben,gifts
hinterher,after
verpassen,miss
geholt,fetched
jesse,jesse
hemd,shirt
trinke,drink
klären,clear up
praktisch,practical
theorie,theory
zunge,tongue
notfall,emergency
besseren,better
winter,winter
c,c
versuchst,try
dahinter,behind it
schwere,heavy
feuern,to fire
lucy,lucy
schießt,shoots
anführer,leader
schief,wrong
blau,blau
bestens,fine
wartest,wait
gehts,it&apos;s okay
morgan,morgan
unrecht,wrong
leck,leak
wonach,what
entwickelt,developed
bedeutung,meaning
strom,strom
krebs,krebs
gemein,mean
wessen,whose
minister,minister
lhnen,you
quelle,those
zahl,number
schiffe,Ships
schüsse,shots
bricht,breaks
talent,talent
spitze,great
fernseher,TV
treiben,to drive
ausgezeichnet,excellent
tatort,crime scene
möglichkeiten,possibilities
trinkt,drinks
esse,to be
cop,cop
details,details
täter,perpetrator
wahren,preserve
dieb,thief
offiziell,officially
dienen,serve
westen,west
entscheidungen,decisions
dauernd,constantly
geschmack,taste
gegenseitig,each other
gewählt,chosen
charlotte,charlotte
pech,bad luck
verteidigen,defend
schauspieler,actor
personen,persons
überlassen,left
publikum,audience
trägst,carry
wechseln,change
begegnet,encountered
betrogen,cheated
besucht,visited
vertrau,trust
europa,europa
carrie,carrie
patrick,patrick
deutschland,deutschland
süßer,cutie pie
loswerden,Get rid of
melde,report
maggie,maggie
bestätigt,confirmed
gas,gas
sturm,sturm
setze,set
briefe,letters
null,null
penny,penny
schlafe,sleep
wirken,works
geführt,guided
starten,beginning
götter,gods
festhalten,hold onto
geheim,secret
übergeben,hand over
cia,cia
abteilung,department
papier,papier
wetten,laws
gefolgt,followed
verschiedene,different
gleichzeitig,at the same time
genie,genie
hungrig,hungry
inspektor,inspector
zwingen,force
atmet,breathes
kuh,kuh
unterstützen,support
geworfen,thrown
verlor,lost
süden,south
pater,pater
menschheit,humanity
versteck,hide
tötete,killed
fähigkeiten,skills
beruhigt,calmed down
rechtzeitig,punctual
streng,strict
sendung,broadcast
gelebt,lived
treppe,stairs
kim,kim
richtiger,more correct
aufnehmen,to record
wolf,wolf
pa,pa
öffnet,opens
dämon,demon
wut,wut
schlange,snake
medikamente,medication
geschenkt,gifted
nenn,name
gelegt,placed
anfassen,touch
pizza,pizza
schlechtes,bad
hütte,hut
mantel,mantel
behauptet,claims
kilometer,kilometer
beeilung,beeilung
angeblich,allegedly
reiten,ride
helen,helen
mittag,midday
gewarnt,warned
wohne,live
las,las
dunkelheit,Darkness
spazieren,stroll
angel,angel
hiermit,herewith
schließt,closes
phoebe,phoebe
vieles,a lot
erfüllt,Fulfills
tausend,thousand
sack,sack
eindeutig,clearly
unterhaltung,entertainment
gründen,found
km,km
zugeben,admit
mittel,medium
explosion,explosion
gefangenen,prisoners
taylor,taylor
frische,freshness
verdächtigen,suspect
neugierig,curious
leitung,line
kennenlernen,get to know
fliege,Fly
lebte,lived
menschliche,human
anderem,other
auseinander,apart
fressen,eat
beides,both
ficken,fuck
stoff,fabric
spüre,feel
eilig,hurry
stammt,comes from
vorgestellt,presented
linda,linda
welch,welch
wichtiges,important
no,no
gehörte,belonged
mhm,mhm
glaubte,believed
oberst,oberst
schrank,wardrobe
fremde,strangers
gnade,grace
chloe,chloe
yo,yo
entspannen,relax
virus,virus
schläfst,sleeping
einladung,invitation
krieger,krieger
vernünftig,reasonable
fein,fein
greifen,grab
whoa,whoa
kyle,kyle
schickte,sent
per,per
mitglied,member
einziger,only one
umzubringen,to kill
zurückkehren,to return
feld,feld
mexiko,Mexico
erschaffen,create
information,information
hergekommen,came here
beweg,move
stärke,strength
vermögen,assets
verbracht,spent
gewisse,certain
waschen,wash
howard,howard
staat,stands
geister,ghosts
behaupten,claim
schrei,Scream
würdet,would
vögel,birds
warnen,to warn
albert,albert
chancen,opportunities
treibt,drives
nannte,called
vermute,guess
mitternacht,midnight
jones,jones
freundinnen,girlfriends
lecker,yummy
klinik,clinic
dicht,closed
befinden,condition
ließen,let
bürger,citizens
verursacht,caused
hammer,hammer
klang,klang
internet,internet
aufregend,exciting
grenzen,boundaries
politik,politics
superman,superman
zurecht,right
besitz,possession
cops,cops
eingesperrt,locked
irren,err
kommando,commando
schlug,hit
krankenwagen,ambulance
love,love
öffne,open
karen,karen
richten,to target
mademoiselle,mademoiselle
erfunden,invented
schnee,snow
fühl,feel
behalte,keep
beschützt,protected
punkte,Points
entfernen,remove
abgehauen,escape
geträumt,dreamed
stefan,stefan
dämonen,demons
tränen,tears
erfolgreich,successful
volle,full
wilson,wilson
caroline,caroline
höher,higher
happy,happy
brille,glasses
musstest,had to
heimat,hometown
terry,terry
liebsten,favorite
bye,bye
leiter,leiter
sean,sean
kauf,purchase
spinnst,spinning
werk,work
cent,cent
schlacht,battle
beziehungen,Relationships
abgemacht,agreed
schreie,scream
hmm,hmm
bestätigen,confirm
erschreckt,frightened
offizier,officer
that,that
sara,sara
affäre,affair
empfangen,received
zweck,purpose
kämpfe,fight
ergeben,result
china,china
fange,capture
häuser,Houses
verliere,lose
gedanke,thought
tausende,thousands
heutzutage,nowadays
gefühlt,felt
schnitt,cut
carlos,carlos
harold,harold
lebend,live
real,real
holz,holz
kaiser,kaiser
spielte,played
begonnen,started
ziehst,you pull
gelandet,landed
scheidung,divorce
bart,bart
beschlossen,decided
klo,at
riechen,smell
vergisst,forgets
begeistert,enthusiastic
ei,no
durchs,through
geil,horny
nieder,low
erkläre,explain
schreckliche,terrible
beeindruckt,impressed
vince,vince
aufgegeben,given up
aufgrund,because of
momentan,at the moment
solch,such
meistens,mostly
stress,stress
sterne,sterne
heilen,heal
soviel,so much
kannten,knew
stattdessen,instead
aye,aye
dinger,dinger
stimmung,mood
bulle,Bulls
aufgefallen,noticed
kämpft,fights
geräusch,noise
künstler,Artist
wachsen,grow
verurteilt,sentenced
himmels,heaven
tyler,tyler
urteil,verdict
schweine,pigs
nettes,clear
house,house
verlust,loss
verließ,left
wirf,throw
wenige,few
willie,willie
schulter,shoulder
kalifornien,California
lernt,learns
beigebracht,taught
normale,normal
anbieten,offer
verwenden,use
gratuliere,congratulate
fluch,fast
rick,rick
übers,trans
grün,green
unterricht,instruction
dachtest,you thought
verarschen,kidding
gewöhnt,used
anklage,accusation
tollen,great
lippen,lips
fett,fett
lege,lege
feigling,coward
achten,regard
gary,gary
erfährt,learns
gewohnt,used
jessica,jessica
äußerst,extremely
einladen,invite
käse,cheese
aufwachen,wake up
verfügung,disposal
uniform,uniform
zusehen,watch
board.tv4user.de,board.tv4user.de
gesundheit,health
abenteuer,adventure
hosen,pants
kurze,short
scheck,check
täglich,daily
fresse,eat
übernehme,take over
wiederholen,repeat
bestellen,bestellen
freiwillig,voluntarily
cole,cole
universum,universe
zeuge,witness
west,west
marshall,marshall
fähig,capable
revier,territory
reifen,tires
mum,mum
führe,lead
durchgemacht,went through
tests,tests
führte,led
schenken,give
schädel,skull
realität,reality
april,april
albern,silly
brav,well-behaved
schwerer,heavier
jagd,hunt
versagt,failed
truck,truck
steckst,stuck
geschenke,gifts
sicherlich,surely
öffentlichkeit,Publicity
merkt,notices
verbrecher,criminal
maske,mask
verstärkung,reinforcement
liefern,delivery
jo,jo
starke,starke
grunde,grounds
gordon,gordon
würd,would
verschwand,disappeared
schulde,debt
russen,Russians
führer,führer
gemerkt,noticed
ciao,ciao
loslassen,let go
berichten,to report
verabschieden,say goodbye
antrag,application
schieß,shoot
abby,abby
benehmen,behavior
verdacht,suspected
hübsches,pretty
schreibtisch,desk
e,e
vampir,vampire
rory,rory
probe,probe
schaff,schaff
verzeih,forgive
patient,patient
geküsst,kissed
ertönt,sounds
nahmen,took
zahlt,pays
vorbereiten,prepare
verbrannt,burned
verdammtes,damn
frankie,frankie
informiert,informed
einziges,only one
zucker,zucker
stinkt,smells bad
schnappt,snaps
schreib,write
standen,stood
klamotten,clothes
heil,heil
besitzer,owner
marcus,marcus
tess,tess
drum,drum
tasse,taxes
hinweis,a notice
verteidigung,defense
lügst,lie
lies,lies
magen,magen
enterprise,enterprise
michelle,michelle
beeilt,hurry up
tunnel,tunnel
einst,once
behandlung,treatment
serie,serie
applaus,applause
markt,market
korrekt,correct
besessen,obsessed
bewahren,preserve
nr.,nr.
pack,pack
gekämpft,fought
black,black
angreifen,attack
tiefer,deeper
huh,huh
truppen,troops
kommandant,commander
osten,east
elf,elf
beeindruckend,impressive
besitzt,owns
ho,to
heut,today
clever,clever
verrückten,crazy
freien,free
hass,hass
antworte,answer
posten,the mail
schneiden,cut
sammeln,collect
gesteckt,plugged in
wissenschaft,science
ursache,cause
gewiss,certainly
bereich,area
catherine,catherine
meinetwegen,because of me
l.a.,l.a.
senator,senator
ausziehen,get undressed
verzweifelt,desperate
jess,jess
anteil,portion
stets,always
ritter,ritter
viertel,quarter
roman,roman
pünktlich,on time
erfüllen,fulfill
kauft,buys
molly,molly
basis,basis
eva,eva
schock,schock
empfang,reception
wiederhole,repeat
wünscht,wishes
besondere,special
titel,title
stil,style
fingerabdrücke,fingerprints
einfluss,influence
anweisungen,instructions
zahle,pay
shield,shield
opfern,sacrifice
blaue,blueness
sparen,save
weiteres,additional
gehörst,belong
farm,farm
erstaunlich,astonishing
schwachsinn,nonsense
miete,rent
verwandelt,transformed
daneben,Besides
klaus,klaus
bereiten,prepare
wüste,desert
prüfen,check
gabe,gabe
hundert,hundred
erscheinen,appear
laß,let
besiegen,defeat
verpiss,verpiss
umständen,circumstances
angelegenheit,matter
landes,landes
dienstag,Tuesday
folgendes,the following
fürchten,to fear
mordes,murder
nennst,call
angestellt,employed
training,training
aufgetaucht,popped up
rausfinden,find out
ächzt,groans
rauskommen,come out
planet,planet
suppe,soup
erwischen,catch
sitz,Seat
johnson,johnson
vorteil,advantage
for,for
rosa,rosa
tour,tour
amerikanische,American
schönste,most beautiful
rufst,you call
berührt,touched
französisch,French
gouverneur,governor
angeles,angeles
kaufe,buy
stern,stern
gedächtnis,memory
wirklichkeit,reality
bestraft,punished
kreis,kreis
reine,reine
edward,edward
schlimmes,bad
bestehen,consist
jeannie,jeannie
erscheint,appears
staatsanwalt,prosecutor
ewigkeit,eternity
störung,disturbance
hässlich,ugly
lauft,running
angezogen,attracted
señor,señor
half,half
sollt,should
martha,martha
tiger,tiger
zigarette,Cigarette
mutig,brave
ausruhen,relax
andrew,andrew
linken,left
hauptmann,hauptmann
umstände,circumstances
not,not
unglück,bad luck
eng,eng
white,white
lucas,lucas
üben,practice
wissenschaftler,scientist
gelöst,solved
reaktion,reaction
morde,murders
dusche,shower
mitarbeiter,employees
your,your
bedroht,threatened
gehöre,belong
befreit,freed
stöhnen,moan
reagiert,Reacts
identität,identity
rund,around
texas,texas
fieber,fever
hirn,brain
leiten,lead
donnerstag,Thursday
leonard,leonard
unheimlich,scary
mulder,mulder
jahrhundert,century
irgend,any
diener,diener
bruce,bruce
extrem,extremely
ausweis,ID
sicht,view
sport,sport
juden,Jews
studiert,educated
angelogen,lied to
schaue,look
little,little
sally,sally
text,text
earl,earl
nebenan,next door
todd,todd
lektion,lesson
mäuse,mice
staub,staub
sophie,sophie
kugeln,balls
dutzend,dozen
ratte,gears
mitleid,pity
testen,to test
auftritt,occurs
gegner,opponent
joseph,joseph
verdienst,merit
langsamer,slower
wunde,wound
linie,line
bedrohung,threat
bauer,bauer
kurzem,recently
fische,fish
einkaufen,shopping
kreuz,cross
afrika,Africa
begangen,committed
el,he
nachsehen,check
junior,junior
bäume,trees
leidenschaft,passion
geliebte,Lover
bereuen,regret
spieler,player
berge,berge
verwendet,used
steuern,steer
gekümmert,cared for
voran,Ahead
wieviel,how much
barney,barney
graf,graf
verabredung,appointment
verlasse,leave
überfallen,ambushed
donna,donna
umdrehen,turn around
damon,damon
kilo,kilo
diego,diego
negativ,negative
schild,sign
tanzt,dances
verbrennen,burn
gefreut,pleased
penner,pens
blauen,blue
jay,jay
stücke,pieces
angela,angela
kühlschrank,refrigerator
identifizieren,identify
lehrerin,teacher
francisco,francisco
kameras,cameras
zentrale,central
jäger,Hunter
josh,josh
wayne,wayne
wenden,turn around
we,we
holst,holst
suchte,searched
start,start
füßen,feet
unglücklich,unhappy
frohe,happy
sand,sand
pfarrer,pfarrer
plus,plus
nancy,nancy
brachten,brought
zauber,magic
berühren,touch
rückkehr,return
hafen,harbor
indianer,Indian
miller,miller
verschwenden,waste
untersucht,examined
königs,King&apos;s
jean,jean
lese,read
stahl,stahl
hättet,would have
affen,monkeys
worten,words
kindheit,childhood
gewollt,wanted
op,op
vermeiden,avoid
fabrik,fabric
aussagen,testify
wunderbare,wonderful
grandpa,grandpa
miststück,bitch
verrückter,crazy
lane,lane
jungfrau,Virgo
einfache,simple
nate,nate
laufe,run
reingelegt,tricked
seltsame,strange
heiratet,marries
angenehm,pleasant
daheim,home
planen,the plan
klauen,to steal
geruch,odor
marty,marty
klingen,sound
tina,tina
nächster,next
hörten,heard
jackie,jackie
trafen,met
ungern,Hungary
abgelehnt,rejected
erstens,first
abmachung,agreement
appetit,appetit
miami,miami
zeigte,showed
fan,fan
hohen,high
alf,alf
ladys,ladies
sms,sms
verkauf,sale
jamie,jamie
verbergen,hide
sorgt,ensures
karl,karl
sohnes,son
berühmt,famous
aussteigen,exit
bonnie,bonnie
ginge,would go
reingehen,go in
durfte,could
korrektur,correction
wirft,throws
titten,tits
betreten,enter
todes,death
one,one
doctor,doctor
blöden,stupid
miles,miles
rausholen,get out
hohe,height
aufnahme,recording
by,by
holmes,holmes
hübscher,prettier
vegas,vegas
manager,manager
stellung,position
höhle,cave
schokolade,chocolate
angeboten,offered
befreundet,friends
weib,woman
ausgerechnet,of all things
walker,walker
beibringen,teach
nelson,nelson
ex,ex
belohnung,reward
seelen,souls
steine,stones
garage,garage
scheißkerl,shithead
gestört,disturbed
cooper,cooper
ruhen,rest
pillen,pills
gepäck,baggage
carol,carol
norman,norman
zoe,zoe
amerikanischen,American
telefonieren,make a phone call
heirate,marry
erkenne,recognize
funk,funk
grüß,greetings
hurensohn,hurensohn
mögliche,possible
spring,spring
uni,uni
scheinbar,seemingly
fakten,facts
informieren,inform
jugend,youth
feier,celebration
wenigen,few
söhne,sons
benzin,petrol
nix,nix
vampire,vampire
erkennt,recognizes
sicherer,safer
zigaretten,cigarettes
dummes,stupid
mauer,mauer
erneut,anew
flügel,wing
schluck,gulp
hierbleiben,stay here
abschluss,diploma
christus,christus
bezahle,pay
böses,evil
dummkopf,fool
gerüchte,rumors
eingestellt,set
m.,m.
weitergehen,move on
technik,technology
ali,ali
bezweifle,doubt
piper,piper
over,over
gekostet,cost
anzeige,advertisement
wohnst,live
hans,hans
ergebnis,result
bedingungen,conditions
brad,brad
aufzuhalten,to stop
versprich,promise
verdiene,the values
geschnappt,caught
francis,francis
eile,another
innen,within
italien,Italy
einig,Some
verhandeln,negotiate
weswegen,why
nützlich,useful
inneren,inner
gentleman,gentleman
felix,felix
vergesse,forget
dunkle,dark
warnung,warning
gemeinde,community
diamanten,diamonds
wächst,grows
gewöhnlich,usually
seil,rope
bär,berries
euro,euro
großartige,great
beth,beth
ware,ware
traurige,sad ones
persönliche,personal
figur,figure
time,time
roboter,robot
anschauen,look at
kürzlich,recently
material,material
paula,paula
käme,would come
stellst,put
bereitet,prepared
einfallen,come up
käfig,Cage
fantasie,fantasies
brach,brach
satz,sentence
kommissar,commissioner
exzellenz,excellence
schuldest,you owe
nass,nass
rächen,revenge
womöglich,possibly
begrüßen,greet
lou,lou
davis,davis
überraschen,to surprise
menschlichen,human
repariert,repaired
führung,guide
gestanden,confessed
jacob,jacob
schütze,protect
störe,disturb
nina,nina
filmen,the movie
jobs,jobs
maschinen,machinery
unterlagen,documents
palast,palace
graben,graben
kette,chain
auftauchen,turn up
interessante,Interesting
wovor,from what
springt,jumps
terroristen,terrorists
stan,stan
bekämpfen,fight
lärm,noise
flehe,flehe
aufgewachsen,grew up
arbeiter,worker
größere,larger
humor,humor
betrachten,regard
be,be
organisation,organisation
widerstand,resistance
bergen,bergen
studio,studio
hausaufgaben,homework
vögeln,fuck
bescheuert,stupid
weggehen,go away
teller,teller
original,original
revolution,revolution
hitler,hitler
mädel,girl
verbinden,connect
nathan,nathan
ermittlungen,investigations
steck,plug
wäsche,Laundry
rätsel,puzzle
besonderen,special
hunderte,hundreds
versetzt,offset
bibel,Bible
heiliger,holier
reiß,tear
kopie,copy
besitzen,own
zeitungen,newspapers
zurückgekommen,came back
süßes,sweet
barbara,barbara
ungewöhnlich,unusual
höhe,height
geschaffen,created
beschreiben,describe
ausgesucht,select
notwendig,necessary
dunklen,dark
ignorieren,to ignore
toter,Dead
deck,deck
narr,fool
scheißegal,don&apos;t give a fuck
höchstens,at most
übersehen,overlook
geirrt,mistaken
darunter,underneath
außen,Outside
einzig,only
stirbst,die
lhren,lhren
spielchen,games
girl,girl
fahrrad,bicycle
nutte,hooker
wilde,wilde
jordan,jordan
bequem,comfortable
rauch,rauch
verschiedenen,different
kamst,came
l,l
betty,betty
pool,pool
hubschrauber,helicopter
wüssten,would know
erstmal,for now
kollege,college
vernichtet,destroyed
gesichter,faces
derselbe,same
hattet,had
konto,account
freie,free
casey,casey
haken,hook
munition,munition
sünde,sin
militär,military
gefasst,caught
anzeichen,signs
geklappt,succeeded
hintergrund,background
erwähnen,mention
tipp,tipp
reißen,tear
keins,no
genial,genial
berichte,reports
kram,hug
schnapp,snap
solle,should
randy,randy
umziehen,move
zunächst,first
keinerlei,none whatsoever
typisch,typical
bietet,offers
leb,leb
technologie,technology
john-boy,john-boy
ruinieren,ruin
jünger,younger
poirot,poirot
umso,all the more
starben,died
rette,correct
triffst,meet
unhöflich,impolite
safe,safe
anzurufen,to call
universität,universität
mai,May
heben,lift
koch,koch
derselben,the same
katastrophe,catastrophe
male,male
olivia,olivia
prüfung,test
brown,brown
gesetze,laws
meeting,meeting
versicherung,insurance
getragen,carried
ehefrau,wife
mitmachen,participate
tauschen,to exchange
ergebnisse,results
boston,boston
reg,reg
einstellen,set
reagieren,react
gefehlt,missing
verwandeln,transform
gedauert,lasted
senden,from you
blair,blair
reporter,reporter
abgeben,hand over
mm,mm
parker,parker
anhören,listen
bibliothek,library
japan,japan
hinsetzen,sit down
hannah,hannah
serena,serena
motiv,reason
paige,paige
schalten,switch
derek,derek
gewöhnen,get used to
lernte,learned
vereinigten,united
gewicht,weight
zweiter,second
badezimmer,bathroom
schieben,push
dreimal,3 times
weich,soft
echtes,real
zweitens,Secondly
drachen,dragon
bahnhof,railroad station
erschöpft,exhausted
genauer,more accurate
verlange,longing
spanisch,Spanish
verrat,Treason
hexen,witches
live,live
legende,legend
taub,taub
freu,happy
konzert,concert
hopp,hope
wiederzusehen,to see again
doppelt,double
last,last
vergleich,comparison
böser,more evil
herzlich,heartfelt
monica,monica
taschen,bags
genügt,enough
besucher,visitors
spanien,Spain
großzügig,generous
teddy,teddy
hauses,house
leihen,lend
scheiden,to divorce
einstellung,attitude
köstlich,delicious
watson,watson
einheiten,units
wichtigen,important
go,go
warne,warne
russland,Russia
angeschossen,shot
sammy,sammy
pierre,pierre
sklaven,slaves
laune,mood
gesamten,entire
stille,quietly
asche,ash
geflogen,flown
spion,rearview mirror
what,what
aaron,aaron
weihnachtsmann,Santa Claus
hervorragend,terrific
can,can
verärgert,annoyed
puppe,doll
überfall,raid
unwichtig,unimportant
santa,santa
linke,linke
übung,exercise
buffy,buffy
franzosen,French people
wehgetan,hurt
schwäche,weakness
couch,couch
cousine,cousin
grant,grant
atme,breathe
irgendeinem,anyone
unterstützt,supports
oscar,oscar
ausdruck,expression
pleite,broke
beleidigt,insulted
knopf,knopf
stop,stop
schlimme,bad ones
beweist,proves
katie,katie
dramatische,dramatic
heutigen,today
leere,empty
island,island
shane,shane
daisy,daisy
trinkst,drink
heimlich,heimlich
eingehen,enter
rad,rad
greift,takes hold
mächtig,powerful
williams,williams
sinnlos,pointless
versaut,messed up
netz,network
atem,atem
anstellen,hire
milliarden,billion
flotte,beautiful
umgebung,vicinity
mitbringen,bring along
beteiligt,involved
dunkeln,darken
entwickeln,develop
schämen,be ashamed
erwachsene,adult
zack,zack
durchsuchen,search
hollywood,hollywood
rollen,roll
vergesst,forget
tricks,tricks
plätze,places
gefangene,prisoners
sünden,sins
sender,sender
verlass,leave
räumen,clear
lerne,learn
rettet,corrected
hinweise,hints
ausreden,excuses
alexander,alexander
mommy,mommy
diejenige,the one
nächte,nights
herrscht,prevails
bud,bud
jahres,year
dna,dna
romantisch,romantic
flüstert,whispers
drück,press
jeremy,jeremy
bedanken,thank you
verabredet,have an appointment
pilot,pilot
colt,colt
nigger,nigger
reizend,lovely
grade,grade
stanley,stanley
leib,leib
stecke,stuck
scheisse,Fuck
ärztin,doctor
vergewaltigt,raped
mußt,must
lieferung,delivery
botschafter,ambassador
studieren,study
köpfe,heads
duschen,have a shower
kopfschmerzen,headache
öl,oil
knarre,creak
sekretärin,secretary
phase,phase
handschellen,handcuffs
lewis,lewis
versehen,Mistake
bande,band
treu,faithful
positiv,positive
meiste,most
museum,museum
albtraum,nightmare
margaret,margaret
verlobt,engaged
besiegt,defeated
existieren,exist
könne,could
proben,rehearse
beschissen,crappy
gewinne,win
personal,personal
christian,christian
bewaffnet,armed
fällen,fall
wecken,wake up
wirkung,effect
kurt,kurt
connor,connor
rebecca,rebecca
therapie,therapy
travis,travis
amüsieren,amuse
ordentlich,orderly
weglaufen,run away
aufgewacht,woke up
nähern,approach
decken,cover
sinne,there
leutnant,lieutenant
zauberer,wizard
hogan,hogan
bittet,asks
ankunft,arrival
klopft,knocks
abstand,distance
bewusstsein,consciousness
nation,nation
kontrolliert,controlled
treffer,meeting
abnehmen,lose weight
ratten,the steering wheel
anwälte,lawyers
tempel,temple
vergiftet,poisoned
kunde,could
august,august
wunden,wounds
unangenehm,unpleasant
ausrüstung,equipment
segen,blessing
präsentiert,presents
schließ,close
kehle,throat
krone,krone
garantiert,guaranteed
durchsucht,searched
president,president
tracy,tracy
verfluchte,cursed
bestimmten,certain
clay,clay
ladies,ladies
b.,b.
ladung,charge
beinen,legs
hell,hell
kent,kent
kapitel,chapter
chase,chase
benutze,use
alibi,alibi
ziele,goals
bestie,bestie
gus,gus
nirgends,nowhere
wohnzimmer,living room
beute,prey
bau,bau
brennen,burn
lex,lex
durst,durst
logan,logan
schwarzer,black
schmutzig,dirty
liebhaber,Lover
ersetzen,substitute
juli,July
verfahren,procedure
kirk,kirk
stiefel,stiefel
inspector,inspector
allzu,too
camp,camp
dürft,may
orten,places
hitze,heat
spielzeug,toy
tv,tv
gloria,gloria
wolle,to want
knurrt,growls
meldet,reports
rita,rita
zone,zone
trocken,dry
lincoln,lincoln
schreibst,write
audrey,audrey
quinn,quinn
probier,try
le,the
kids,kids
unterschrieben,signed
do,do
heulen,cry
entschlossen,determined
paket,package
gefiel,liked
bekamen,got
netten,nice
geheime,secrets
jennifer,jennifer
aktiviert,activated
ausweg,way out
hinweg,away
schmuck,schmuck
ausgang,exit
wunderschöne,beautiful
zurückkommt,returns
ann,ann
illegal,illegal
ferien,the holiday
persönlichen,personal
geiseln,hostages
segne,signs
normaler,more normal
steuer,tax
aufgepasst,watch out
murphy,murphy
raumschiff,spaceship
dummen,stupid
weißer,whiter
ausbildung,education
klavier,piano
hauptsache,main thing
admiral,admiral
entgegen,in contrast to
fasse,do
strecke,route
julian,julian
version,version
hilfreich,helpful
schweren,heavy
h,h
jahrelang,for years
leeren,to empty
küste,coast
baron,baron
behörden,authorities
grüße,greetings
geklärt,clarified
bruders,brother
kaufte,bought
stone,stone
puls,puls
blue,blue
flur,corridor
denselben,the same
rettung,rescue
widerlich,disgusting
parkplatz,parking spot
katzen,cats
laster,soon
sozusagen,so to speak
mittwoch,Wednesday
unschuldige,innocent ones
abwarten,wait
grandma,grandma
florida,Florida
re,re
grünen,greens
könntet,could
aufnahmen,Recordings
vision,vision
schauspielerin,actress
passe,passe
sing,sing
glückliche,happy ones
highschool,highschool
friedhof,friedhof
irrtum,mistake
klienten,clients
nervt,annoying
leidet,suffers
reverend,reverend
trainieren,train
gegenwart,present
zurückbringen,return
herman,herman
protokoll,protocol
studenten,students
durchaus,absolutely
grausam,awful
höchste,highest
verwickelt,involved
schmecken,taste good
klappen,clap
apropos,apropos
liz,liz
alfred,alfred
ansonsten,otherwise
wade,wade
missverständnis,misunderstanding
mitglieder,members
motorrad,motorrad
mickey,mickey
blicken,look
glücklicher,happier
hübschen,pretty
dicke,thickness
gewünscht,desired
gejagt,hunted
diejenigen,those
diskutieren,discuss
pinkeln,to pee
huhn,chicken
erheben,raise
paradies,paradise
tagebuch,diary
möglichen,possible
jenseits,beyond
arschlöcher,assholes
apartment,apartment
mason,mason
pfeift,whistles
dieselben,the same
wilden,wild ones
vergaß,forgot
enttäuschen,disappoint
greg,greg
konsequenzen,consequences
fleck,fleck
macgyver,macgyver
führerschein,driver&apos;s license
online,online
bete,fill up
verdächtige,suspects
enkel,single
normalen,normal
stift,rigid
interview,interview
süßen,sweeten
riesige,huge
aussicht,outlook
ned,ned
wiederkommen,come back
werbung,advertising
warf,threw
telefoniert,telephoned
anblick,sight
einzelnen,individual
teppich,carpet
hielten,held
handel,handel
gekannt,known
getrieben,driven
trainer,trainer
scully,scully
schuh,schuh
bomben,bombs
kämpfer,fighter
victoria,victoria
bedenken,think up
sitzung,meeting
ken,ken
sicheren,safe
verkaufe,sell
ron,ron
tapfer,brave
experiment,experiment
besorge,get
tiefe,depth
narren,fool
abgeholt,picked up
abhalten,hold off
bestimmte,particular
laufenden,ongoing
auftaucht,shows up
school,school
löschen,delete
tara,tara
sebastian,sebastian
mies,mies
sarg,yellow
r,r
vertragen,tolerated
gebissen,bitten
geheimen,secret
drinks,drinks
schlief,slept
tradition,tradition
soeben,just
komische,funny ones
schultz,schultz
aufgehalten,stopped
fähigkeit,capability
attraktiv,attractive
begriff,expression
versichere,insure
schilde,shields
legte,laid
mitteilen,communicate
sdh,sdh
gemütlich,cozy
muster,muster
versprach,promised
überwachen,monitor
eingeschlafen,fell asleep
schlimmsten,worst
verlierst,lose
einzelne,separate
vergib,forgive
vorbeikommen,come round
aua,do not
brüste,breasts
sandwich,sandwich
gewinner,winner
verständnis,understanding
g,g
raymond,raymond
papst,pope
toast,toast
matthew,matthew
einsteigen,get in
löwen,lions
einsetzen,insert
gewinn,profit
schüchtern,shy
scheinst,seem
pflanzen,plant
green,green
sheldon,sheldon
christopher,christopher
hätt,would have
coach,coach
werte,values
modell,model
übernimmt,takes over
walton,walton
heftig,violent
vorfall,incident
motel,motel
teams,teams
irgendeinen,anyone
müsstest,would have to
freier,freer
zirkus,circus
ruhm,Fame
zurzeit,currently
ausmachen,turn off
rezept,recipe
töchter,daughters
laute,Lute
akzeptiert,accepted
geschwindigkeit,speed
beliebt,popular
verpflichtet,obligated
betrüger,cheater
lohnt,worth it
märchen,fairy tale
blöder,bleeding
becky,becky
wille,wille
hügel,hill
königreich,kingdom
dennis,dennis
kehren,sweep
baut,builds
chinesen,Chinese
gesichert,secured
michel,michel
ruth,ruth
block,block
belogen,lied to
malen,grind
kofferraum,trunk
road,road
bursche,fellow
erin,erin
geständnis,confession
ausgegangen,went out
begreifen,understand
dana,dana
blitz,blitz
löst,solves
furcht,fear
jersey,jersey
ernstes,serious
verteilt,distributed
bezüglich,with reference to
faszinierend,fascinating
aufmerksam,attentive
aufregung,excitement
wendy,wendy
ethan,ethan
orte,places
entführung,kidnapping
keucht,gasps
erhielt,received
treue,loyalty
felsen,rock
malcolm,malcolm
kurzen,short
zorn,zorn
taucht,dives
bestimmen,determine
ausgesetzt,exposed
zurückgeben,hand back
verkehr,traffic
bewiesen,proven
generation,generation
liebste,favorite
ausrichten,align
ausnahme,exception
ebene,level
herrlich,splendid
stürzen,fall
herausforderung,challenge
gefälligst,if you please
farben,colors
geliebten,loved ones
ankommen,arrive
tempo,tempo
unterbrechen,interrupt
kindes,child
babe,babe
erden,earth
schrecklichen,terrible
falsches,wrong
täuschen,To deceive
tal,of
irgendwer,anyone
deins,flinch
witwe,widow
sichern,to back up
gerede,in need
betrug,fraud
trauer,grief
anwesenheit,presence
bilden,the image
gewachsen,grown
ausflug,side trip
jill,jill
verlaufen,get lost
rand,rand
kenny,kenny
rechnen,calculate
aufzug,elevator
befragen,consult
wegnehmen,take away
abschied,farewell
benötigen,need
pst,pst
amt,amt
reiche,rich
otto,otto
beginn,start
daumen,thumb
bestrafen,punish
clarence,clarence
weine,cry
fremder,stranger
sachte,gently
identifiziert,identified
gestehen,confess
mac,mac
owen,owen
morris,morris
riesig,gigantic
entscheide,decide
koma,come
prinzen,princes
bewusstlos,unconscious
county,county
marke,marke
harter,harter
hill,hill
höflich,polite
jude,jude
setzte,sat
besorg,concerned
absichtlich,intentionally
vermasselt,massages
verschlossen,locked
sowie,as well as 
gesang,life
gedreht,turned
ford,ford
religion,religion
ey,ey
unterschrift,signature
rosen,rosen
persönliches,personal
queen,queen
fortschritte,progress
eingang,entrance
zugehört,listened
biete,offer
clara,clara
vorhaben,plan
kultur,culture
patientin,patient
stephen,stephen
explodiert,explodes
nichte,niece
verzichten,waive
steven,steven
harris,harris
existenz,existence
drehbuch,script
football,football
anzusehen,to watch
ohnmächtig,unconscious
zaun,fence
anthony,anthony
geladen,loaded
guckt,looks
privat,private
peg,peg
brauchten,needed
liam,liam
heb,heb
virginia,virginia
wächter,Guardian
eimer,bucket
blasen,blow
rakete,rocket
salz,salt
unfair,unfair
verzeiht,forgive
esel,donkey
krankenschwester,nurse
symbol,symbol
entscheidet,decides
fahrzeug,vehicle
unterwäsche,underwear
betrachtet,considered
bauern,farmers
engländer,English people
wartete,was waiting
schaust,look
genossen,enjoyed
tropfen,drops
probiert,tried
spock,spock
café,café
verhungern,to starve
versuchten,tried
mütter,mothers
september,september
aktion,action
bestanden,files
haaren,hair
louise,louise
schluchzt,sobs
übertrieben,exaggerated
heilmittel,remedies
apparat,device
vorm,form
friedlich,peaceful
richtiges,correct
zuschauer,viewers
teenager,teenager
geliefert,delivered
may,may
gestritten,argued
maus,maus
lediglich,only 
charakter,character
riley,riley
krass,cool
weiterer,further
group,group
ricky,ricky
diana,diana
geräusche,Sounds
lichter,lighter
starken,strengthen
dexter,dexter
staffel,squadron
flaschen,bottles
putzen,cleaning
einbruch,Burglary
geheilt,healed
beißen,bite
nicole,nicole
stammen,come
wände,walls
befürchte,fear
kostüm,costume
warren,warren
grüßen,to greet
versagen,fail
übernommen,accepted
hoffte,hoped
verschieben,move
verspätung,lateness
whiskey,whiskey
mars,mars
media,media
entdecken,discover
traue,trust
thron,throne
riesigen,huge
zelt,tent
akzent,accent
truppe,troops
übertragen,transmitted
kompliment,compliment
flammen,Flames
erkennst,recognize
erschrecken,scare
gemälde,painting
ari,ari
walt,walt
chip,chip
mannschaft,team
cindy,cindy
loyalität,loyalty
benjamin,benjamin
dankeschön,Thank you very much
vertreten,represent
verhandlung,negotiation
lernst,learn
brüllt,roars
füllen,to fill
letztendlich,at long last
krise,crisis
verlierer,loser
spencer,spencer
with,with
kekse,cookies
ausschalten,turn off
penis,penis
profi,profi
whisky,whisky
erledige,do
gelächter,laughter
fängst,catch
erklär,explain
einspruch,objection
angeln,fishing
rausgehen,go out
monk,monk
kaution,deposit
eures,yours
gesessen,sat
verrate,betray
kehrt,returns
boy,boy
summe,total
lade,let
billig,cheap
curtis,curtis
bernard,bernard
juni,June
gerissen,cracked
festgenommen,arrested
ralph,ralph
befohlen,ordered
überlege,think
koordinaten,coordinates
flog,flog
herzinfarkt,Heart attack
hinlegen,lie down
nahrung,food
liege,liege
geflohen,fled
knall,bang
nebenbei,alongside
mylord,mylord
nachbar,neighbor
küss,kiss
lhrem,lhrem
geleistet,accomplished
nutzt,uses
fröhliche,happy
nebel,fog
front,front
veränderung,change
affe,ape
kontaktieren,to contact
brand,brand
fuhren,lead
zwischenzeit,in the meantime
eingesetzt,used
anton,anton
philip,philip
megan,megan
schlimmeres,worse
rennt,runs
anlegen,invest
nachzudenken,to think about
schwör,swear
übliche,usual
kreatur,creature
verderben,spoil
medizinische,medical
besetzt,occupied
zugriff,access
kanal,channel
blutdruck,blood pressure
grüne,green
ausgeben,spend
papi,papi
clown,clown
lhrer,lhrer
sonny,sonny
schwören,swear
hühnchen,chicken
arten,species
aufgebaut,built up
sydney,sydney
betrügen,deceive
steele,steele
trank,drank
glatt,smooth
trainiert,trained
indien,if
autor,author
geweint,cried
blume,blume
verletzungen,injuries
special,special
zwillinge,Twins
mia,mia
reißt,tears
zeigst,show
stirb,die
justin,justin
diane,diane
gefickt,fucked
schlägst,beats
moskau,Moscow
erwartest,expect
gestoßen,bumped
durchgehen,go through
praxis,praxis
gründlich,thorough
benny,benny
eingeschlossen,locked in
tragödie,tragedy
vollständig,complete
psychiater,psychiatrist
rasse,breeds
lance,lance
vertraust,trusted
kummer,sorrow
eigener,own
christine,christine
partei,Political party
zentrum,center
testament,testament
entfernung,distance
private,private
welten,worlds
verlegen,embarrassed
heroin,heroin
erfuhr,learned
gelände,terrain
kutsche,coach
dummer,dumber
homer,homer
stabil,stable
ausgeschlossen,excluded
out,out
draus,out
aufgehoben,lifted
single,single
regisseur,Director
vielmals,many times
dylan,dylan
bestand,duration
k,k
erbe,herbs
weggelaufen,Run away
jim-bob,jim-bob
noah,noah
leichte,light
zuständig,responsible
losgehen,go off
long,long
hustet,coughs
brutal,brutal
besprochen,discussed
halbes,half
bargeld,Cash
peggy,peggy
action,action
zusammenarbeiten,work together
beunruhigt,worried
achte,buy
innere,inner
kanone,cannon
eklig,disgusting
x,x
armes,armes
avenue,avenue
öffentlich,public
nützt,useful
marine,marine
brillant,bright
köder,bait
gespräche,conversations
nähert,approaches
vorgehen,proceed
kleinigkeit,small thing
kissen,pillow
manny,manny
geisel,geisel
gerecht,just
trost,trost
gehasst,hated
a.,a.
gesorgt,taken care of
archer,archer
spinner,spinner
vergebung,forgiveness
vieh,cattle
schnelle,fast
normales,normal
gefesselt,tied up
lautes,loud
kalte,damage
leitet,directs
angehen,approach
ekelhaft,disgusting
salat,salat
schicht,layer
intelligent,intelligent
meg,meg
verhältnis,relationship
socken,parish
brieftasche,wallet
holly,holly
packt,packs
eventuell,possibly
nirgendwohin,nowhere
methode,method
gelangen,reach
gespannt,tense
vernunft,reason
zurückgehen,go back
regnet,the rain
drama,drama
entspannt,relaxed
wörter,words
klingeln,ring
ruhige,quiet
sprung,sprung
anständig,respectable
gangster,gangster
harten,hard
aufzeichnungen,records
ofen,oven
cowboy,cowboy
endgültig,finally
aufgaben,tasks
ruh,ruh
deutsch,deutsch
neil,neil
wodka,vodka
know,know
air,air
respektieren,respect
riskant,risky
lohn,lohn
zuviel,too much
zustimmen,agree
schnaps,liquor
troy,troy
stufe,level
erleichtert,relieved
scheune,barn
vanessa,vanessa
klink,klink
spaziergang,stroll
katherine,katherine
zettel,note
kotzen,puke
blödmann,dumbass
hurra,hurray
lana,lana
symptome,symptoms
vorfahren,ancestors
nutzlos,useless
shaw,shaw
telefonnummer,phone number
nochmals,again
grey,grey
medien,media
faul,lazy
dient,serves
russell,russell
ereignisse,events
aussuchen,choose
verprügelt,beaten up
zweites,second
sherlock,sherlock
fabelhaft,fabulous
klinge,blade
leistung,perfomance
beileid,sympathy
castle,castle
durchführen,carry out
mitchell,mitchell
eröffnen,open
unschuld,innocence
seist,you say
stoßen,bump
palmer,palmer
like,like
genügend,enough
sofa,sofa
gestatten,allow
gekocht,purchased
biest,beast
lydia,lydia
bräuchte,would need
ausgelöst,triggered
väter,fathers
verarscht,fooled
butter,butter
nachbarschaft,neighborhood
villa,villa
data,data
goldene,golden ones
schließe,close
saft,saft
begehen,commit
hauptquartier,headquarters
geschworen,sworn
abgenommen,removed
werkstatt,workshop
überreden,convince
nannten,called
gemüse,vegetables
schläger,bat
frisst,eats
bewundere,admire
geschieden,occur
assistentin,assistant
wettbewerb,competition
lebten,lived
sieger,winner
verfassung,constitution
küsst,kisses
fußball,football
geschnitten,cut
master,master
quietschen,squeak
füttern,feed
gürtel,belt
unschuldigen,innocent
menschlich,human
eigenartig,peculiar
oje,juice
hanna,hanna
kabel,cable
duke,duke
franz,franz
zahn,zahn
landet,the country
kisten,boxes
liegst,lie
mona,mona
krankenstation,hospital ward
leine,rope
beschreibung,description
ausmacht,makes up
beschädigt,damaged
grundstück,property
steckte,stuck
bahn,bahn
turm,tower
mine,mine
sauerstoff,oxygen
nö,so-called
angesichts,given
ll,ll
versager,failure
deinetwegen,because of you
vic,vic
angeklagt,accused
aufhört,stops
baden,baden
knacken,crack
verbindungen,links
panzer,panzer
marcel,marcel
bach,bach
leiser,quieter
stimmengewirr,babble of voices
zerstörung,destruction
stirn,forehead
finn,finn
sanft,soft
kloster,monastery
charmant,charming
aufbauen,build up
thanksgiving,thanksgiving
anlass,occasion
zähle,count
verlieben,fall in love
atmosphäre,the atmosphere
ronnie,ronnie
samantha,samantha
leber,leber
jener,that one
begegnen,encounter
dämlich,stupid
krawatte,necktie
juan,juan
tarnung,camouflage
kanada,you have
alpha,alpha
baker,baker
tabletten,tablets
faust,faust
auftreten,appear
monroe,monroe
blatt,blatt
gelöscht,deleted
dschungel,jungle
alison,alison
niedlich,cute
c.,c.
klage,complain
wolltet,wanted
jonas,jonas
akt,akt
schießerei,shoot-out
anwältin,lawyer
überleg,consider
frisur,hairstyle
spruch,saying
jene,those
moral,moral
angelegenheiten,Affairs
dokumente,documents
fröhlich,cheerful
spezies,species
oktober,October
schachtel,box
opfers,victim
noten,nuts
ellie,ellie
irgendwohin,somewhere
nora,nora
brunnen,spring
toby,toby
sandy,sandy
lampe,lampe
craig,craig
jagt,hunt
eigentum,property
diebstahl,theft
spenden,donate
betrieb,operation
gemeinsame,common
absurd,absurd
gegensatz,contrast
frühling,spring
dünn,thin
ausland,abroad
schultern,Shoulders
entwicklung,development
vergehen,pass away
ahnen,guess
verbessern,improve
herzog,herzog
diskussion,discussion
gehalt,salary
lemon,lemon
freak,freak
glocke,Bell jar
